0,0
0.04858333,-0.003839058
0.1028833,-0.007852728
0.1533068,-0.01141118
0.2089088,-0.01519889
0.2582935,-0.01846858
0.3110836,-0.02188249
0.3651194,-0.02530234
0.41544,-0.02842735
0.4680527,-0.03163945
0.5229012,-0.03493322
0.573109,-0.03790301
0.6248776,-0.04092282
0.6782593,-0.04399436
0.7316405,-0.04702511
0.7824659,-0.04987461
0.8345124,-0.05275753
0.8877518,-0.05567114
0.9413249,-0.05856809
0.9922521,-0.06129039
1.044115,-0.06403194
1.096893,-0.0667906
1.150562,-0.06956431
1.202408,-0.07221405
1.253931,-0.07481885
1.306174,-0.07743144
1.359118,-0.08005013
1.412747,-0.08267321
1.464174,-0.0851611
1.515918,-0.08763728
1.568224,-0.09011302
1.621078,-0.0925869
1.674465,-0.0950575
1.726242,-0.09742662
1.778029,-0.09976969
1.83026,-0.102106
1.882923,-0.1044344
1.936004,-0.1067536
1.988484,-0.1090192
2.040246,-0.1112271
2.09236,-0.1134232
2.144814,-0.1156063
2.197597,-0.1177755
2.250697,-0.1199296
2.302566,-0.1220064
2.354573,-0.1240614
2.406848,-0.1260993
2.459379,-0.128119
2.512156,-0.1301196
2.564943,-0.1320918
2.616889,-0.134004
2.669039,-0.1358953
2.721386,-0.1377646
2.773919,-0.139611
2.826628,-0.1414337
2.879233,-0.1432226
2.931333,-0.1449642
2.983575,-0.1466802
3.035951,-0.1483698
3.088451,-0.150032
3.141068,-0.151666
3.193612,-0.1532656
3.245839,-0.1548232
3.298152,-0.1563507
3.350543,-0.1578472
3.403003,-0.1593119
3.455522,-0.1607439
3.508029,-0.1621408
3.560378,-0.1634983
3.61276,-0.164821
3.665166,-0.166108
3.717589,-0.1673586
3.770019,-0.1685718
3.822457,-0.1697471
3.874933,-0.1708844
3.92739,-0.1719819
3.979821,-0.1730386
4.032214,-0.1740537
4.084564,-0.1750265
4.136888,-0.1759565
4.189502,-0.1768483
4.242043,-0.1776945
4.294503,-0.1784943
4.346874,-0.1792468
4.399147,-0.1799513
4.451337,-0.180607
4.504093,-0.1812206
4.55672,-0.1817821
4.609209,-0.1822906
4.661551,-0.1827454
4.713738,-0.1831453
4.76584,-0.1834902
4.818732,-0.1837833
4.871433,-0.1840166
4.923932,-0.1841893
4.976219,-0.1843003
5.028285,-0.1843488
5.080458,-0.1843334
5.133455,-0.1842504
5.186188,-0.1840984
5.238645,-0.1838763
5.290816,-0.1835831
5.342689,-0.1832178
5.395254,-0.1827702
5.448282,-0.1822369
5.500957,-0.181623
5.553268,-0.1809274
5.605203,-0.180149
5.656891,-0.1792841
5.710251,-0.1782932
5.763162,-0.1772085
5.815611,-0.1760284
5.867585,-0.1747518
5.919068,-0.1733775
5.972206,-0.1718392
6.025314,-0.1701744
6.077834,-0.1683968
6.129749,-0.1665048
6.181045,-0.1644969
6.234303,-0.1622588
6.287466,-0.1598598
6.339872,-0.1573242
6.391502,-0.1546502
6.442758,-0.1518122
6.496612,-0.1486198
6.549499,-0.1452604
6.601393,-0.1417316
6.652271,-0.1380312
6.705565,-0.1338786
6.758767,-0.1294264
6.810666,-0.1247605
6.861229,-0.1198777
6.914638,-0.1143211
6.967651,-0.108354
7.018886,-0.1021063
7.069562,-0.0953998
7.123567,-0.08759081
7.175083,-0.07940026
7.224258,-0.07078467
7.275891,-0.06119344
7.327448,-0.05135678
7.378883,-0.04125651
7.430202,-0.03086238
7.481413,-0.02014138
7.53274,-0.009008694
7.583935,0.002522497
7.634996,0.01449422
7.685918,0.02695137
7.736693,0.03994312
7.787308,0.05352246
7.837746,0.06774694
7.887984,0.08267871
7.937992,0.09838362
7.987737,0.1149335
8.037173,0.132404
8.086249,0.150875
8.134903,0.17043
8.183065,0.191157
8.230655,0.2131435
8.27758,0.2364791
8.323746,0.261253
8.36904,0.2875489
8.413439,0.3155028
8.456711,0.3451194
8.498728,0.3764476
8.539366,0.409521
8.578528,0.4443722
8.61605,0.4809993
8.651449,0.5196456
8.684593,0.5602611
8.715454,0.6026325
8.744055,0.6465655
8.770434,0.691862
8.794668,0.7383479
8.816836,0.7858569
8.837032,0.8342306
8.855362,0.8833526
8.871924,0.9330897
8.886827,0.9833546
8.900172,1.034055
8.912059,1.085119
8.922582,1.136476
8.931834,1.188088
8.939899,1.23989
8.946863,1.291852
8.952766,1.343848
8.957262,1.396124
8.960279,1.448452
8.961921,1.500847
8.962261,1.553328
8.961355,1.60571
8.959245,1.658098
8.955953,1.710449
8.951502,1.762679
8.945895,1.814807
8.939124,1.866802
8.93118,1.918629
8.922037,1.970262
8.911664,2.021658
8.900023,2.072765
8.887052,2.123579
8.872692,2.174016
8.856879,2.223982
8.839503,2.273458
8.820465,2.322329
8.799672,2.370405
8.776919,2.417691
8.752209,2.463819
8.725663,2.509023
8.697502,2.553239
8.667837,2.596497
8.636824,2.638739
8.604504,2.680038
8.570988,2.720354
8.536337,2.759691
8.500591,2.79806
8.46382,2.835429
8.426049,2.87179
8.387316,2.907121
8.347636,2.9414
8.307043,2.974584
8.265561,3.006619
8.223158,3.037491
8.179893,3.067097
8.135756,3.095375
8.090716,3.122255
8.044857,3.147586
7.998058,3.171307
7.95045,3.193149
7.901886,3.212878
7.852514,3.230494
7.802459,3.246068
7.751844,3.25969
7.700746,3.271477
7.649321,3.281535
7.597571,3.290007
7.545624,3.297013
7.493518,3.302686
7.44125,3.30716
7.388965,3.310549
7.336599,3.312979
7.284164,3.314561
7.23177,3.315401
7.179355,3.315599
7.126914,3.315251
7.074473,3.314445
7.022087,3.313265
6.969689,3.311787
6.917281,3.310085
6.864862,3.308228
6.812575,3.305943
6.760285,3.302874
6.708013,3.29909
6.655761,3.294649
6.603528,3.289602
6.551315,3.283994
6.499309,3.277888
6.447339,3.271301
6.395379,3.26426
6.343433,3.256794
6.291567,3.248938
6.239843,3.240724
6.188124,3.232154
6.136418,3.223245
6.084786,3.214027
6.033264,3.204522
5.981752,3.194726
5.930268,3.184657
5.878873,3.174336
5.827529,3.163771
5.776215,3.152965
5.724945,3.141933
5.673743,3.130688
5.622575,3.119232
5.571455,3.107575
5.520386,3.095726
5.469343,3.083685
5.418352,3.071466
5.367434,3.059079
5.31651,3.046511
5.265626,3.033778
5.214816,3.020894
5.16408,3.007864
5.113282,2.994656
5.062556,2.98131
5.011912,2.967833
4.961348,2.954226
4.910682,2.940446
4.860243,2.926486
4.809857,2.911999
4.759616,2.897016
4.709514,2.881566
4.659555,2.865677
4.609728,2.849375
4.560027,2.832687
4.510447,2.815641
4.460985,2.798262
4.41163,2.780577
4.362376,2.762611
4.313216,2.744391
4.264143,2.725942
4.215149,2.70729
4.166217,2.688456
4.117345,2.669468
4.068527,2.650353
4.019753,2.631135
3.971013,2.611839
3.922279,2.592484
3.873562,2.573101
3.824849,2.553717
3.776132,2.534357
3.727405,2.51505
3.678623,2.495808
3.629803,2.476669
3.580938,2.457662
3.532021,2.438816
3.483038,2.420159
3.433968,2.401716
3.384787,2.383512
3.335507,2.365587
3.286125,2.347974
3.23663,2.330709
3.187011,2.313822
3.13725,2.297347
3.08748,2.280885
3.037858,2.26396
2.988375,2.246633
2.939015,2.228963
2.889756,2.211007
2.840581,2.192823
2.791471,2.174472
2.742402,2.156008
2.693354,2.137492
2.644306,2.118983
2.595233,2.100539
2.546115,2.082223
2.496924,2.064094
2.447634,2.046214
2.39823,2.028652
2.348691,2.011475
2.298999,1.994754
2.249132,1.978561
2.199075,1.96297
2.148812,1.948062
2.098329,1.933915
2.047618,1.920614
1.996673,1.908247
1.945491,1.896901
1.894074,1.886669
1.842436,1.877644
1.790586,1.869917
1.738548,1.863582
1.686354,1.858729
1.634037,1.855445
1.581708,1.853765
1.529279,1.853331
1.476849,1.854004
1.42444,1.855726
1.372077,1.858445
1.319769,1.862117
1.267532,1.866702
1.215382,1.872164
1.163327,1.878472
1.111378,1.885599
1.059553,1.893521
1.007856,1.902217
0.956286,1.911672
0.9048555,1.921873
0.8535758,1.932806
0.802453,1.944465
0.7514995,1.956843
0.7007277,1.969937
0.6501454,1.983746
0.5997663,1.998273
0.5496049,2.013523
0.4996716,2.029505
0.4499834,2.04623
0.4005591,2.063714
0.3514143,2.081978
0.3025729,2.101045
0.2540627,2.120944
0.2059114,2.141712
0.1581576,2.16339
0.1108497,2.186026
0.06412645,2.209748
0.01850182,2.235491
-0.02585557,2.263393
-0.068926,2.293306
-0.1106604,2.324996
-0.1511607,2.358281
-0.1905038,2.392924
-0.2288211,2.428695
-0.2662756,2.465373
-0.3030457,2.502739
-0.3393262,2.540587
-0.3753091,2.578705
-0.4112123,2.61692
-0.4472114,2.655018
-0.4835134,2.692837
-0.5203098,2.730206
-0.5577162,2.766902
-0.5959224,2.802794
-0.635059,2.837716
-0.6751519,2.871442
-0.716324,2.903864
-0.7586311,2.934849
-0.8016251,2.964802
-0.8446664,2.994749
-0.8877282,3.02465
-0.9308406,3.054474
-0.9740255,3.084193
-1.017303,3.113776
-1.060696,3.143202
-1.104221,3.172443
-1.147892,3.201472
-1.191723,3.230262
-1.235731,3.258786
-1.279927,3.287017
-1.324321,3.314923
-1.368923,3.342471
-1.413766,3.36964
-1.45886,3.396395
-1.504223,3.422702
-1.549865,3.448517
-1.595799,3.473797
-1.642043,3.498497
-1.688611,3.522564
-1.735517,3.545942
-1.782807,3.568582
-1.830497,3.590412
-1.878583,3.611344
-1.927085,3.631291
-1.976017,3.650154
-2.025387,3.667819
-2.07521,3.684158
-2.125488,3.699026
-2.176216,3.712257
-2.227218,3.723825
-2.278616,3.734271
-2.3302,3.743617
-2.381962,3.751892
-2.433888,3.759114
-2.485954,3.765293
-2.538133,3.770434
-2.590405,3.774539
-2.642746,3.777602
-2.695132,3.779617
-2.747555,3.78057
-2.799992,3.780439
-2.852413,3.779203
-2.904794,3.776829
-2.957103,3.773284
-3.009305,3.768523
-3.061362,3.762499
-3.113291,3.755146
-3.165008,3.746398
-3.21644,3.736182
-3.267513,3.724414
-3.318146,3.710997
-3.368375,3.695777
-3.417943,3.678665
-3.466698,3.659531
-3.514529,3.638208
-3.56142,3.614735
-3.607269,3.589324
-3.652087,3.562124
-3.695871,3.533271
-3.738597,3.502901
-3.780294,3.471101
-3.820932,3.437985
-3.860529,3.403619
-3.899073,3.368078
-3.936558,3.331418
-3.97296,3.2937
-4.008287,3.254941
-4.042482,3.215209
-4.075539,3.174502
-4.107396,3.132862
-4.138003,3.090301
-4.167307,3.046809
-4.195196,3.00243
-4.221592,2.957117
-4.246293,2.910969
-4.269339,2.863859
-4.290718,2.81601
-4.310504,2.767429
-4.328692,2.718283
-4.345334,2.66855
-4.360419,2.61835
-4.37396,2.567693
-4.385939,2.516657
-4.396344,2.46527
-4.405145,2.413583
-4.412303,2.361652
-4.417774,2.309503
-4.421496,2.257215
-4.423403,2.204814
-4.423413,2.152395
-4.421432,2.099998
-4.417357,2.047733
-4.411069,1.995692
-4.402548,1.944041
-4.391969,1.892688
-4.379514,1.841736
-4.365346,1.791291
-4.349558,1.74127
-4.332271,1.691774
-4.313568,1.64281
-4.293502,1.59436
-4.27214,1.546467
-4.24954,1.499174
-4.225722,1.452467
-4.200717,1.406375
-4.174556,1.360939
-4.147249,1.316182
-4.118805,1.27214
-4.089231,1.228856
-4.058513,1.186356
-4.026654,1.14471
-3.99365,1.103984
-3.959473,1.064234
-3.924088,1.025522
-3.887503,0.9879752
-3.849591,0.9518406
-3.810143,0.9173269
-3.769396,0.8843848
-3.727501,0.8528905
-3.684611,0.8227472
-3.640856,0.7938585
-3.596348,0.7661347
-3.551184,0.7394911
-3.505445,0.7138451
-3.459203,0.6891219
-3.412517,0.6652517
-3.365438,0.6421672
-3.318013,0.6198071
-3.270282,0.598115
-3.222276,0.5770349
-3.17403,0.556517
-3.125569,0.5365126
-3.076919,0.5169755
-3.028098,0.49786
-2.97913,0.4791242
-2.930034,0.4607262
-2.880822,0.4426223
-2.831517,0.4247726
-2.782136,0.407135
-2.73269,0.3896646
-2.683199,0.372317
-2.633684,0.3550452
-2.584219,0.3378981
-2.534487,0.3213108
-2.48454,0.305395
-2.434391,0.2901307
-2.384048,0.275497
-2.333534,0.2614753
-2.282861,0.2480434
-2.232042,0.2351791
-2.181091,0.2228598
-2.130015,0.2110608
-2.078826,0.1997582
-2.027535,0.1889277
-1.97615,0.178544
-1.924681,0.1685821
-1.873135,0.1590165
-1.821524,0.1498217
-1.769849,0.1409713
-1.718121,0.1324394
-1.666348,0.1242005
-1.614532,0.1162276
-1.562683,0.108495
-1.510808,0.1009766
-1.458909,0.09364561
-1.406996,0.08647615
-1.355076,0.07944219
-1.303009,0.07252555
-1.251086,0.06600535
-1.199177,0.0599423
-1.147209,0.05434491
-1.095183,0.04922398
-1.043199,0.04458972
-0.9912293,0.04042845
-0.9392262,0.03671538
-0.8872374,0.03342249
-0.8352212,0.03050659
-0.7832215,0.02792279
-0.7312268,0.02561892
-0.6791708,0.02353983
-0.6270405,0.02163445
-0.5749518,0.01985912
-0.5228786,0.01816941
-0.4707485,0.01652513
-0.4185715,0.01489431
-0.36636,0.01325034
-0.3141197,0.01157128
-0.2618583,0.009839694
-0.2095785,0.008041792
-0.1572698,0.006166532
-0.1049197,0.004205434
-0.05250756,0.002151795
